Title,Abstract
Machine Learning Fundamentals,This paper discusses the core concepts of machine learning including supervised and unsupervised learning algorithms and their applications in real-world scenarios.
Deep Neural Networks for Image Classification,We propose a novel deep convolutional neural network architecture for image classification tasks achieving state-of-the-art results on multiple benchmark datasets.
Natural Language Processing with Transformers,This study explores the application of transformer models in NLP tasks including machine translation sentiment analysis and question answering systems.
Computer Vision and Object Detection,Our research presents an advanced object detection method using convolutional neural networks and region-based approaches for autonomous driving applications.
Artificial Intelligence in Healthcare,We investigate the deployment of AI algorithms in medical imaging diagnosis and patient outcome prediction using deep learning architectures.
Reinforcement Learning Algorithms,This paper surveys reinforcement learning techniques including Q-learning policy gradient methods and their applications in game playing and robotics.
Data Science and Statistical Analysis,We present comprehensive statistical methods for data analysis including hypothesis testing and regression models for predictive analytics.
Cloud Computing Infrastructure,This work examines cloud computing platforms their architecture scalability and deployment strategies for distributed systems.
Cybersecurity and Network Protection,Our study focuses on network security threats vulnerability detection and intrusion prevention systems using machine learning approaches.
Blockchain Technology and Applications,We explore blockchain distributed ledger technology smart contracts and their applications in cryptocurrency and supply chain management.
Quantum Computing Principles,This paper discusses quantum computing concepts quantum algorithms and potential applications in optimization and cryptography.
Distributed Systems and Databases,We investigate distributed database systems including consistency models replication strategies and NoSQL technologies.
Software Engineering and Development,This study covers software design patterns agile methodologies testing strategies and continuous integration deployment pipelines.
Human-Computer Interaction,Our research explores user interface design user experience principles and evaluation methods for interactive systems.
Virtual and Augmented Reality,We present applications of virtual reality and augmented reality technologies in education training and entertainment domains.
IoT and Edge Computing,This paper discusses Internet of Things architectures edge computing frameworks and real-time data processing systems.
Natural Language Understanding,Our work advances natural language understanding through semantic analysis entity recognition and knowledge representation techniques.
Speech Recognition and Audio Processing,We develop speech recognition systems using acoustic models language models and deep learning for voice interaction applications.
Recommendation Systems,This study proposes collaborative filtering content-based and hybrid recommendation algorithms for personalized user experiences.
Graph Neural Networks,Our research introduces graph neural network architectures for processing structured data with applications in social networks and molecular modeling.
